document_id,grant_number,application_id,program_name,organization_name,program_description,total_budget,federal_funding,match_funding,budget_unit,budget_confidence,total_reach,reach_type,target_reach,actual_reach,reach_confidence,country,states,cities,counties,location_confidence,start_date,end_date,report_period,focus_area,objective,document_type,source_file,extraction_confidence,extraction_notes,extraction_success,processing_time
21AC230258,,,AmeriCorps Youth Launch,Graceland University,"The AmeriCorps Youth Launch (AYL) proposes to have 37 AmeriCorps members who will serve as mentors to provide Search Institute asset-building activities in Clarke, Decatur, Lucas, Ringgold, Union, and Wayne Counties in rural South Central Iowa. At the end of the first program year, the AmeriCorps members will be responsible for demonstrating a significant gain in Search Institute Developmental Assets that increase the likelihood of school and life success for 129 at-risk youth. In addition, the AmeriCorps members will leverage 460 volunteers who will be engaged in programs and activities that serve youth, families, and communities to help reduce the economic, cultural, and opportunity poverty of the region. This program will focus on the CNCS focus area of Education.",414634.0,207313.0,,unknown,0.0,129,individuals,,,0.0,United States,,,,0.0,09/01/21,08/31/22,,Education,,application,21AC230258.pdf,0.0,,True,27.514041423797607
21AC230317,,,AmeriCorps State AmeriCorps of Martin County,"Boys & Girls Clubs of Martin County, Inc.","The Boys & Girls Clubs of Martin County (BGCMC) proposes to have 65 AmeriCorps members (40 MSY) who will improve educational outcomes for 1275 youth in grades K-8 in Martin County, FL in 5 middle schools and 5 elementary schools.",1199527.0,607651.0,,unknown,0.0,1275,individuals,,,0.0,United States,,,,0.0,08/01/21,07/31/22,,Education,,application,21AC230317.pdf,0.0,,True,17.79686164855957
21AC230326,,,AmeriCorps State Amarillo ISD AmeriCorps,Amarillo Independent School District,"The program provides direct tutoring services in reading literacy and an academically-based after school program targeted to at-risk students in fifteen district elementary schools in Amarillo, Texas.",689601.0,344798.0,,unknown,0.0,70,individuals,,,0.0,United States,,,,0.0,08/01/21,07/31/22,,Education,,application,21AC230326.pdf,0.0,,True,16.63300895690918
21AC230550,,,AmeriCorps State Texas HIPPYCorps Initiative,University of North Texas,The program aims to increase involvement of parents in their children's education and provide children with skills to be deemed ready for school in 11 Texas communities.,1449428.0,723841.0,,unknown,0.0,1650,individuals,,,0.0,United States,,,,0.0,09/01/21,08/31/22,,Education,,application,21AC230550.pdf,0.0,,True,17.111980676651
21AC230565,09-DEC-20,,AmeriCorps State Achievement Connections,United Way of Dane County,"The United Way of Dane County (UWDC) proposes to have 18 AmeriCorps members who will tutor High School students in Algebra and Geometry in four high schools in Madison and Middleton, Wisconsin.",,,,unknown,0.0,,individuals,,,0.0,United States,,,,0.0,08/15/21,08/14/22,,Education,,application,21AC230565.pdf,0.0,,True,17.277809143066406
21AC230747,,,AmeriCorps State Colorado HIPPYCorps,Parent Possible,"Parent Possible proposes to have 50 AmeriCorps members who will deliver the Home Instruction for Parents of Preschool Youngsters (HIPPY) evidence-based, school readiness program to families with children ages 2-5 in Colorado counties of Adams, Alamosa, Arapahoe, Conejos, Costilla, Crowley, Denver, El Paso, Huerfano, Larimer, Las Animas, Mesa, Mineral, Otero, Pueblo, Rio Grande, Saguache, and Weld). At the end of the first program year, the AmeriCorps members will be responsible for ensuring 366 children demonstrate gains in literacy skills. In addition, the AmeriCorps members will leverage 21 volunteers who will be engaged in supporting monthly group meetings.",1425821.0,399463.0,,unknown,0.0,650,children,,,0.0,United States,,,,0.0,08/05/21,08/04/22,,Education,,application,21AC230747.pdf,0.0,,True,28.542454957962036
21AC230915,,,AmeriCorps State Communities In Schools of Central Texas,Communities in Schools of Central Texas,"The AmeriCorps members will serve as mentors and academic supporters in public schools in four Central Texas counties, aiming to help 700 students have increased social and emotional outcomes.",1648762.0,819212.0,,unknown,0.0,700,individuals,,,0.0,United States,,,,0.0,09/01/21,08/31/22,,Education,,application,21AC230915.pdf,0.0,,True,18.077982664108276
21AC230928,,,AmeriCorps State College Forward Partnership for Higher Education,College Possible,"College Possible proposes to have 67 AmeriCorps members who will provide intensive coaching to economically disadvantaged high school and/or college students in the Austin, Texas area.",1142892.0,571446.0,,unknown,0.0,1000,individuals,,,0.0,United States,,,,0.0,08/01/21,07/31/22,,Education,,application,21AC230928.pdf,0.0,,True,15.83188247680664
21AC230951,,,Michigan Education Corps Reading Corps,Hope Network West Michigan,"The program proposes to have 77.09 MSY AmeriCorps members (90 full-time, 25 three-quarter time, and 6 half-time) who will be trained and coached by literacy experts to extend the instructional capacity of K-3rd grade classrooms in 25 cities across Michigan. At the end of the first program year, the AmeriCorps members will be responsible for supporting 2,033 K-3 students at an estimated 60 K-3 sites to accelerate literacy growth and proficiency rates.",2373170.0,1149569.0,,unknown,0.0,2033,students,,,0.0,United States,,,,0.0,08/01/21,07/31/22,,Education,,application,21AC230951.pdf,0.0,,True,20.00882649421692
21AC230978,,,AmeriCorps State Alpine Achiever Initiative,Alpine Achievers Initiative,The Alpine Achievers Initiative Positive Youth Development program proposes to have 31 AmeriCorps members who will provide positive youth development programming in rural Colorado.,719678.0,505285.0,,unknown,0.0,1550,individuals,,,0.0,United States,,,,0.0,08/01/21,07/31/22,,Education,,application,21AC230978.pdf,0.0,,True,16.20328950881958
21AC231008,,,"AmeriCorps, Monterey County United for Literacy",Monterey County Office of Education,"The Monterey County Office of Education proposes to have 43 AmeriCorps members who will provide literacy tutoring in the Alisal Union School District, Chualar Union School District, King City Union School District, and Monterey Peninsula Unified School District of Monterey County. At the end of the first program year, the AmeriCorps members will be responsible for improving reading skills by at least 1-grade level for 250 K-4th graders. In addition, the AmeriCorps members will leverage an additional 5 volunteers who will be engaged in on-going literacy activities and 75 one-time event-based volunteers. This program will focus on the CNCS focus area of Education. The CNCS investment of $651,965 will be matched with $711,200 in public funding.",1363175.0,651965.0,,unknown,0.0,1200,students,,,0.0,United States,,,,0.0,08/30/21,07/31/22,,Education,,application,21AC231008.pdf,0.0,,True,26.02607536315918
21AC231041,,,ABC AmeriCorps,Sauk Valley Community College,"The ABC AmeriCorps of Sauk Valley Community College proposes to have 35 AmeriCorps members who will tutor economically disadvantaged students and provide other classroom support in grade schools, provide homework help and offer educational activities in out-of-school time during the school year and provide summer education programs for kids. In addition, member will provide job search coaching and GED support services to economically disadvantaged individuals. Members will also provide service to increase organizational capacity through volunteer management and other capacity building efforts that support rural non-profit and school-based organizations in Lee, Whiteside, Carroll, Bureau, and Henry Counties. In addition, members will provide support to agencies with critical needs that do not have the capacity to write their own AmeriCorps grant.",323882.0,161905.0,,unknown,0.0,1000,individuals,,,0.0,United States,,,,0.0,07/01/21,12/31/22,,"Education, Economic Opportunity, Capacity Building",,application,21AC231041.pdf,0.0,,True,25.43912100791931
21AC231092,,,AmeriCorps State O-PASS,City of Orlando,The City of Orlando proposes to have 20 full-time and 20 three-quarter time AmeriCorps members who will provide in-school and out-of-school tutoring and mentoring services to low-performing and at-risk youth at five (5) Orlando public middle schools and five (5) after-school and summer middle school program sites.,969373.0,511353.0,,unknown,0.0,1275,individuals,,,0.0,United States,,,,0.0,08/01/21,07/31/22,,Education K-12 Success,,application,21AC231092.pdf,0.0,,True,18.342713356018066
21AC231202,,,AmeriCorps State NCCAP AmeriCorps Team - Greater Wausau Area,North Central Community Action Program Inc.,"The program proposes to have 31 AmeriCorps members who will tutor and mentor elementary, middle and senior high school students in the Wausau, Antigo, Merrill & Wisconsin Rapids school districts. At the end of the first program year, the AmeriCorps members will be responsible for tutoring and mentoring 350 targeted students identified by the districts due to economic disadvantage, English language ability, and credit deficiency.",516254.0,238775.0,,unknown,0.0,350,individuals,,,0.0,United States,,,,0.0,08/15/21,08/14/22,,Education,,application,21AC231202.pdf,0.0,,True,21.904171228408813
21AC231327,,,AmeriCorps State AdviseAZ,Education Forward Arizona,"The Arizona College Access Network (AzCAN), a program of College Success Arizona, proposes to have 50 AmeriCorps members who will prepare over 2,500 low-income, first-generation, and students of color for success in postsecondary education through college access programming in low income, Title 1 designated high schools across Arizona, specifically Tucson, Phoenix and Flagstaff as well as rural areas such as Yuma, Pinal, Cochise, Gila, Mohave, and Graham County. At the end of the first program year, the AmeriCorps members will be responsible for helping students demonstrate increased preparation for postsecondary education through college admission and enrollment. In addition, the AmeriCorps members will leverage 250 volunteers who will be engaged in statewide initiatives and service projects that support and improve the Arizona community. This program will focus on the CNCS focus area of Education.",579001.0,411329.0,,unknown,0.0,,unknown,,,0.0,United States,,,,0.0,09/01/21,08/31/22,,Education,,application,21AC231327.pdf,0.0,,True,25.061271905899048
21AC231424,,,NACA-Inspired Schools Network,NACA-Inspired Schools Network,"The NACA Inspired Schools Network (NISN) proposes to have 20 AmeriCorps members who will support students in the classroom and out-of-school-time programming as activity leaders in seven schools in New Mexico including: Native American Community Academy (NACA) in Albuquerque; Dream Diné Charter School in Shiprock; Dzil Dit Looí School of Empowerment and Action (DEAP) in Navajo; Six Directions Indigenous School in Gallup; Kha'p'o Community School in Santa Clara Pueblo; Raices de Saber in Las Cruces; and T'siya Day School in Zia Pueblo. At the end of the first program year, the AmeriCorps members will be responsible for promoting improved academic engagement (attitudes) in 285 students at participating schools. AmeriCorps members will also gain exposure to and experience in the education profession and be encouraged and supported in gaining education licensure as appropriate to each member's situation. This program will focus on the CNCS focus area of Education.",483617.0,301919.0,,unknown,0.0,285,students,,,0.0,United States,,,,0.0,08/01/21,07/31/22,,Education,,application,21AC231424.pdf,0.0,,True,29.58490228652954
21AC231505,,,AmeriCorps State Civic Works Service Corps,"Civic Works, Inc.","The Civic Works Service Corps proposes to have 98 AmeriCorps members who will engage community members in environmental stewardship, tutor high school students and prepare them for college, and repair houses to make them safe for older adults to age in place in Baltimore.",1382672.0,609225.0,,unknown,0.0,4000,unknown,,,0.0,United States,,,,0.0,08/15/21,08/14/22,,"Education, Environmental Stewardship, Economic Opportunity",,application,21AC231505.pdf,0.0,,True,17.008060216903687
21AC231537,,,REACH (Ready to Extend a Caring Hand),Jefferson County Board of Education,"The REACH program will mentor 30 students at each project school. Members will serve as a caring adult and role model, building strong relationships to uncover student barriers to learning and link students and their families with appropriate school and community resources.",542363.0,360369.0,,unknown,0.0,30,unknown,,,0.0,United States,,,,0.0,08/01/21,07/31/22,,Education,,application,21AC231537.pdf,0.0,,True,15.765156745910645
21AC231538,,,Community Art Collaborative,The Maryland Institute,"The Community Art Collaborative (CAC) proposes to have 14 Full-Time AmeriCorps Members who will serve economically disadvantaged Baltimore City Public School K-12 youth through after-school, arts-based community programs throughout the city. At the end of the first program year, the AmeriCorps Members will be responsible for improving 200 students' sense of confidence and self-efficacy, through creative expression, skill-building and service learning. In addition, the AmeriCorps Members will leverage an additional 250 volunteers who will be engaged in service-based projects and community-building activities with nonprofit organizations to strengthen economically disadvantaged populations in Baltimore. This program will focus on the AmeriCorps focus area of Education. The AmeriCorps investment of $215,247 will be matched with $395,026 in private funding.",610231.0,215247.0,,unknown,0.0,600,individuals,,,0.0,United States,,,,0.0,08/15/21,08/14/22,,Education,,application,21AC231538.pdf,0.0,,True,25.07142472267151
21AC231666,,,AmeriCorps State Arizona Serve - Prescott College,Prescott College Inc,"The program ensures students in Yavapai, Pima, and Santa Cruz Counties have the supports to be prepared for school, stay engaged in school, and are ready for college enrollment.",650358.0,400960.0,,unknown,0.0,1200,students,,,0.0,United States,,,,0.0,09/01/21,08/31/22,,Education,,application,21AC231666.pdf,0.0,,True,15.56519603729248
21AC231845,,,AmeriCorps Y.O.U.th Serve Evanston and Skokie,"Youth & Opportunity United, Inc.","Deliver high-quality afterschool and summer learning programs in 10 elementary and middle/junior high schools in Evanston, Morton Grove, and Skokie, Illinois.",924840.0,289211.0,,unknown,0.0,900,individuals,,,0.0,United States,,,,0.0,09/01/21,08/31/22,,Education,,application,21AC231845.pdf,0.0,,True,16.147891759872437
21AC232660,,,AmeriCorps State America Reads-Mississippi,Mississippi Institutions of Higher Learning,The program proposes to have 86 AmeriCorps members who will serve as reading tutors for K-3rd grade students with reading levels between the 15th and 40th percentile in approximately 20 elementary schools across Mississippi.,1633736.0,823612.0,,unknown,0.0,86,unknown,,,0.0,United States,,,,0.0,08/01/21,07/31/22,,Education,,application,21AC232660.pdf,0.0,,True,16.028535842895508
21AC232680,,,AmeriCorps State College Advising Corps - Boston University,Trustees of Boston University,"The College Advising Corps-Boston University proposes to have 36 AmeriCorps members who will provide college advising to economically disadvantaged, first-generation, and underrepresented students in underserved high schools in Boston, Lynn, Malden and Somerville. At the end of the first program year, the AmeriCorps members will be responsible for increasing the college enrollment and persistence rates among economically disadvantaged youth at the schools served.",1318795.0,586800.0,,unknown,0.0,36,unknown,,,0.0,United States,,,,0.0,07/01/21,06/30/22,,Education,,application,21AC232680.pdf,0.0,,True,19.939955949783325
21AC232821,,,AmeriCorps State RAI Reading Intervention Program,Reading Assist Institute,"The Reading Assist Intervention (RAI) Corps proposes to have 33 AmeriCorps Members who will provide intensive one-to-one structured literacy interventions to 200 students with language-based learning disabilities and/or severe reading challenges in 12 schools across Delaware. At the end of the first program year, the AmeriCorps Members will be responsible for improving student academic performance in reading and enhancing their academic engagement skills.",872807.0,339577.0,,unknown,0.0,200,students,,,0.0,United States,,,,0.0,08/09/21,06/01/22,,Education,,application,21AC232821.pdf,0.0,,True,18.370811700820923
21AC232947,,,AmeriCorps State Colorado Reading Corps - Cost Reimbursement,Colorado Youth for a Change,"The program will focus on the CNCS focus area of Education. The CNCS investment of $1,007,754 will be matched with $972,680 -- $600,000 in public funding and $372,680 in private funding.",1980434.0,1007754.0,,unknown,0.0,1710,students,,,0.0,United States,,,,0.0,08/01/21,07/31/22,,Education,,application,21AC232947.pdf,0.0,,True,19.01399326324463
21AC233046,,,AmeriCorps State Massachusetts Promise Fellowship Program,Northeastern University,The Massachusetts Promise Fellowship (MPF) proposes to have 40 AmeriCorps members who will lead Out-of-School Time (OST) programs focused on dropout prevention and on-time graduation through academic enrichment or college and career exploration programming for 6th-12th grade students from economically disadvantaged environments across Massachusetts.,1563687.0,651427.0,,unknown,0.0,600,individuals,,,0.0,United States,,,,0.0,08/01/21,07/31/24,,Education,,application,21AC233046.pdf,0.0,,True,18.673491716384888
21AC233189,,,AmeriCorps State,"Our House, Inc","Our House proposes to have 38 members (15.5MSY) who will provide job placement services, ongoing job support, and other services to adults. The AmeriCorps Members will be responsible for helping 450 adults find full-time jobs. In addition, the AmeriCorps Members will leverage an additional 500 volunteers who will be engaged in tutoring, one-on-one household budget advising, and other activities to broaden and deepen services to clients.",418844.0,227172.0,,unknown,0.0,450,individuals,,,0.0,United States,,,,0.0,09/01/21,08/31/22,,Economic Opportunity,,application,21AC233189.pdf,0.0,,True,19.208609580993652
21AC233236,,,The Summer Learning Collaborative Inc.,The Summer Learning Collaborative Inc.,"The Summer Learning Collaborative proposes to have 40 AmeriCorps members who will lead literacy intervention sessions in community-based agencies throughout Delaware. At the end of the first program year, the AmeriCorps members will be responsible for driving improved academic performance in participants. In addition, the AmeriCorps members will leverage 20 volunteers who will be engaged in supporting the intervention as teaching assistants.",284665.0,118927.0,,unknown,0.0,800,individuals,,,0.0,United States,,,,0.0,02/01/21,08/31/21,,Education,,application,21AC233236.pdf,0.0,,True,17.81417179107666
21AC233238,,,AmeriCorps State North Dakota Reading and Math Corps,South East Education Cooperative,"The South East Education Cooperative proposes to have 82 AmeriCorps members provide services and support to deliver a proven academic intervention model to students in North Dakota. At the end of the first program year, AmeriCorps members will help over 1,100 students Kindergarten through grade 8 be on-track to read proficiently by third grade and algebra-ready by eighth grade. In addition, AmeriCorps members will leverage 30 community volunteers, who will be engaged in enrichment for students and families. This program will focus on the CNCS focus area of Education. The CNCS investment of $498,269 will be matched with $356,759 in public funding and $163,469 in private funding.",1018497.0,498268.0,,unknown,0.0,1100,individuals,,,0.0,United States,,,,0.0,08/01/21,07/31/22,,Education,,application,21AC233238.pdf,0.0,,True,24.499030828475952
21AC233358,,,The Match Corps AmeriCorps Program,"Match School Foundation, Inc.","The Match Foundation, Inc., in partnership with Match Charter Public School and the Match Corps Program proposes to have 30 AmeriCorps members who will provide high-dosage, small group, relationship-based Math tutoring to students in Boston, Massachusetts. At the end of the first program year, the AmeriCorps members will be responsible for increasing student performance in Mathematics, improving educational outcomes for economically disadvantaged children, and preparing economically disadvantaged students for success in post-secondary educational institutions.",919984.0,489000.0,,unknown,0.0,288,students,,,0.0,United States,,,,0.0,08/16/21,08/15/22,,Education,,application,21AC233358.pdf,0.0,,True,19.120766639709473
22AC240012,,,AmeriCorps State City Year Kansas City,"City Year, INC.","City Year Kansas City proposes to have 68 full-time AmeriCorps members who will provide full-day education services to students in seven public schools in Kansas City, Missouri. At the end of the first program year, as Student Success Coaches, the AmeriCorps members will provide social-emotional and academic supports to 727 students, of which, 237 will report increased school engagement, 65 will improve literacy skills, and, 81 will improve math skills. Members will also provide extended day and school climate activities. In addition, the AmeriCorps members will leverage 275 volunteers who will be engaged in physical service projects on national service days. This program will focus on the CNCS focus area of Education. The CNCS investment of $1,442,333 will be matched $1,442,333, $746,467 in public funding and $695,866 in private funding.",2884666.0,1442333.0,,unknown,0.0,727,students,,,0.0,United States,,,,0.0,07/01/22,06/30/23,,Education,,application,22AC240012.PDF,0.0,,True,27.788215398788452
22AC240177,,,Purdy AmeriCorps Reading Coach Program,Purdy R-2 School District,"The Purdy AmeriCorps Reading Coach Program proposes to have 11 AmeriCorps Members who will provide literacy-based tutoring to kindergarten through 5th grade students in Purdy Missouri. At the end of the first program year, the AmeriCorps Members will be responsible for improved reading scores in their student beneficiaries. In addition, the AmeriCorps Members will leverage 27 volunteers who will be engaged in various school and community service projects.",206022.0,134536.0,,unknown,0.0,50,individuals,,,0.0,United States,,,,0.0,08/01/22,07/30/23,,Education,,application,22AC240177.PDF,0.0,,True,19.402684926986694
22AC240203,,,Emmanuel Family & Child Development Center,Emmanuel Family & Child Development Center,"Emmanuel Family & Child Development Center proposes to have 20 AmeriCorps members who will help promote school readiness by providing specialized educational support, trauma-informed counseling and speech therapy in central Kansas City, Missouri. At the end of this program year, the AmeriCorps members will be responsible for serving at least 80 children with school-readiness tutoring, speech therapy and clinical counseling. AmeriCorps members will leverage at least 25 volunteers who will be engaged in supporting Emmanuel service projects. This program will focus on the CNCS focus area of Education.",209924.0,151200.0,,unknown,0.0,80,children,,,0.0,United States,,,,0.0,08/01/22,12/31/23,,Education,,application,22AC240203.PDF,0.0,,True,20.82986354827881
22AC240217,,,AmeriCorps State City Year San Antonio,"City Year, INC.","The program provides full-day education services to students in nine public schools in San Antonio, Texas. AmeriCorps members will provide academic and youth development mentoring to 1,056 students, with a focus on improving literacy and math skills and developing social-emotional skills. Members will also provide extended day and school climate activities, and leverage 140 volunteers.",3959924.0,1979962.0,,unknown,0.0,1056,individuals,,,0.0,United States,,,,0.0,07/01/22,06/30/23,,Education,,application,22AC240217.PDF,0.0,,True,18.221456050872803
22AC240300,,,AmeriCorps State Spokane Service Team,Educational Service District 101,"The program proposes to have 64 AmeriCorps members who will develop and rehabilitate housing units and provide educational services in Spokane, WA.",919342.0,459671.0,,unknown,0.0,51,individuals,,,0.0,United States,,,,0.0,09/01/22,08/31/23,,Economic Opportunity,,application,22AC240300_Application.pdf,0.0,,True,14.702800512313843
22AC240300,20ACHWA0010001,,Spokane Service Team,Educational Service District 101,The Spokane Service Team is an AmeriCorps program that provides safe and affordable housing opportunities in the Spokane area.,,,,unknown,0.0,,unknown,,,0.0,United States,,,,0.0,07/31/2022,07/31/2023,,Housing,,ppr,22AC240300_PPRSummaryACReport_Nov2023.pdf,0.0,,True,13.276595115661621
22AC240379,,,AmeriCorps State Amarillo ISD AmeriCorps,Amarillo Independent School District,"The program provides direct tutoring services in reading literacy and an academically-based after school program targeted to at-risk students in seventeen district elementary schools in Amarillo, Texas.",786451.0,393225.0,,unknown,0.0,70,individuals,,,0.0,United States,,,,0.0,08/01/22,07/31/23,,Education,,application,22AC240379.PDF,0.0,,True,16.000555992126465
22AC240579,,,AmeriCorps State Reading & Math Corps - Southern MN,"Reading & Math, Inc.","The AmeriCorps members will help 2,720 PreK students to develop early learning skills for Kindergarten, and for supporting 9,000 K-3 students to accelerate literacy and math skills and proficiency rates. In addition, the AmeriCorps members will leverage 50 volunteers who will be engaged in education enrichment for students and families.",16604473.0,8396473.0,,unknown,0.0,11720,students,,,0.0,United States,,,,0.0,08/01/22,07/31/23,,Education,,application,22AC240579.PDF,0.0,,True,18.2006995677948
22AC240619,W4AERLY7AH91,,AmeriCorps State Child Abuse Prevention Association (CAPA),Child Abuse Prevention Association,"The Child Abuse Prevention Association (CAPA) proposes to have 31 AmeriCorps Members who will provide access to preventative mental health services in the form of trauma-focused counseling, clinical case management, and community education in the Kansas City, MO metro area.",651039.0,325317.0,,unknown,0.0,450,individuals,,,0.0,United States,,,,0.0,08/01/22,07/31/23,,Healthy Futures,,application,22AC240619.PDF,0.0,,True,17.86302947998047
22AC240754,,,AmeriCorps State College Possible Wisconsin,College Possible,"College Possible proposes to have 42 AmeriCorps members who will support students from low-income backgrounds for success in post-secondary education through academic and college preparation programming in Milwaukee, WI, and surrounding areas. At the end of the first program year, the AmeriCorps members will be responsible for helping students demonstrate improved academic performance in literacy and math, as well as increased preparation for higher education and careers through college admission and persistence. In addition, the AmeriCorps members will leverage 100 volunteers who will be engaged in service projects that support the community in which our members serve.",1834892.0,907200.0,,unknown,0.0,,unknown,,,0.0,United States,,,,0.0,08/15/22,08/14/23,,Education,,application,22AC240754.PDF,0.0,,True,20.856926441192627
22AC240755,,,College Possible,College Possible,"College Possible proposes to have 75 AmeriCorps members who will support 5,420 students from low-income backgrounds for success in post-secondary education through academic and college preparation programming based in St. Paul, Minnesota, and surrounding areas. At the end of the first program year, the AmeriCorps members will be responsible for helping students demonstrate increased preparation for higher education and careers through college admission and persistence. In addition, the AmeriCorps members will leverage 25 volunteers who will be engaged in service projects that support their community.",3418649.0,1620000.0,,unknown,0.0,5420,students,,,0.0,United States,,,,0.0,08/01/22,07/31/23,,Education,,application,22AC240755.PDF,0.0,,True,19.981990098953247
22AC240916,,,AmeriCorps Youth Launch,Graceland University,"The AmeriCorps Youth Launch (AYL) proposes to have 37 AmeriCorps members who will serve as mentors to provide Search Institute asset-building activities in Clarke, Decatur, Lucas, Ringgold, Union, and Wayne Counties in rural South Central Iowa. At the end of the first program year, the AmeriCorps members will be responsible for demonstrating a significant gain in Search Institute Developmental Assets that increase the likelihood of school and life success for 129 at-risk youth. In addition, the AmeriCorps members will leverage 460 volunteers who will be engaged in programs and activities that serve youth, families, and communities to help reduce the economic, cultural, and opportunity poverty of the region. This program will focus on the CNCS focus area of Education.",422923.0,211458.0,,unknown,0.0,129,individuals,,,0.0,United States,,,,0.0,09/01/22,08/31/23,,Education,,application,22AC240916.PDF,0.0,,True,25.7043514251709
22AC240971,,,AmeriCorps State Breakthrough Twin Cities,Breakthrough Twin Cities,"The program will teach low-income students and students who are Black, Indigenous, and People of Color (BIPOC) during the summer portion of the college preparatory program for grades 7-9 in the Twin Cities metro.",799551.0,310820.0,,unknown,0.0,411,individuals,,,0.0,United States,,,,0.0,08/01/22,07/31/23,,Education,,application,22AC240971.PDF,0.0,,True,15.580508470535278
22AC241021,,,Vermont Youth Conservation Corps (VYCC),Vermont Youth Conservation Corps Inc,"The Vermont Youth Conservation Corps (VYCC) proposes to have 80 AmeriCorps members who will engage in hands-on service projects, including growing and distributing fresh, nutritious produce and poultry, as well as building trails, improving habitat, and enhancing recreation infrastructure; both food security and environmental stewardships projects will take place in locations throughout Vermont. At the end of the first program year, the AmeriCorps members will be responsible for reducing food insecurity and increasing health knowledge for 1035 individuals per year as well as improving 12 acres of public lands and 45 miles of trail and river. In addition, the AmeriCorps members will leverage an average of 400 volunteers per year who will be engaged in growing, harvesting, and distributing vegetables, as well as helping to provide food and nutrition education, for food-insecure individuals and families. This program will focus on the AmeriCorps focus areas of Healthy Futures and Environmental Stewardship.",950439.0,517353.0,,unknown,0.0,1035,individuals,,,0.0,United States,,,,0.0,12/01/22,12/01/23,,Healthy Futures and Environmental Stewardship,,application,22AC241021.PDF,0.0,,True,27.970149755477905
22AC241055,,,AmeriCorps Partners in Learning,City of Dubuque,"The AmeriCorps Partners in Learning (APIL) program proposes to have 43 AmeriCorps members who will tutor K-3rd grade struggling readers one on one or in small groups in the Dubuque Community School District's elementary schools and summer programs. At the end of the first program year, the AmeriCorps members will be responsible for increasing the reading scores of 250 students with literacy needs. In addition, the AmeriCorps members will leverage an additional 100 volunteers who will be engaged in Dubuque community days of service.",567633.0,282006.0,,unknown,0.0,250,individuals,,,0.0,United States,,,,0.0,08/01/22,07/31/23,,Education,,application,22AC241055.PDF,0.0,,True,21.192432403564453
22AC241087,,,AmeriCorps State Recovery Corps,"Reading & Math, Inc.",The AmeriCorps State Recovery Corps proposes to have 100 AmeriCorps members who will provide peer support and recovery coaching to individuals working to overcome opioid use disorder and other substance use disorders in Minnesota.,3273565.0,1113565.0,,unknown,0.0,3750,individuals,,,0.0,United States,,,,0.0,08/01/22,07/31/23,,Healthy Futures,,application,22AC241087.PDF,0.0,,True,15.281571626663208
22AC241206,,,Every Body Works,"ReSOURCE: A Nonprofit Community Enterprise, Inc.","The Every Body Works AmeriCorps program provides hands-on service learning experience in a real-life workplace setting to reduce barriers, build new skills and confidence, and support self-advocacy while striving to remove bias against those with disabilities.",484063.0,318026.0,,unknown,0.0,23,individuals,,,0.0,United States,,,,0.0,09/01/22,08/31/23,,Economic Opportunity,,application,22AC241206.PDF,0.0,,True,16.078066110610962
22AC241261,,,AmeriCorps State Vermont Youth Development Corps,Elevate Youth Services Inc.,"The Washington County Youth Service Bureau/Boys & Girls Club proposes to have 28 AmeriCorps members who will lead youth engagement, learning, and prevention activities in VT. At the end of the first program year, the AmeriCorps members will be responsible for reducing opioid misuse risk factors, undoing COVID-19 effects on youth, and fostering healthy outcomes for youth. In addition, the AmeriCorps members will leverage 200 volunteers who will be engaged in member-led initiatives. This program will focus on the CNCS focus area(s) of Healthy Futures.",711641.0,354412.0,,unknown,0.0,28,individuals,,,0.0,United States,,,,0.0,09/01/22,08/31/23,,Healthy Futures,,application,22AC241261.PDF,0.0,,True,20.957810163497925
22AC241307,,,AmeriCorps State Iowa Legal Aid AmeriCorps Project,Iowa Legal Aid,"The program will provide direct services to low-income and elderly clients, helping them access legal information, resources, and support needed to resolve civil legal problems impacting their basic needs and fundamental obligations in Iowa's 99 counties.",482890.0,241615.0,,unknown,0.0,9500,unknown,,,0.0,United States,,,,0.0,09/01/22,08/31/23,,Economic Opportunity,,application,22AC241307.PDF,0.0,,True,16.121930837631226
22AC241345,,,AmeriCorps State Texas HIPPYCorps Initiative,University of North Texas,"The Texas HIPPYCorps at the University of North Texas proposes to have 110 AmeriCorps members who will increase involvement of parents in their children's education and provide children with skills to be deemed ready for school in Amarillo, Corpus Christi, Dallas, Houston, Irving, Longview, Odessa, Richardson, Rio Grande Valley, San Antonio, and Wichita Falls.",1645089.0,822391.0,,unknown,0.0,1650,children,,,0.0,United States,,,,0.0,09/01/22,08/31/25,,Education,,application,22AC241345.PDF,0.0,,True,20.487507820129395
22AC241432,,,AmeriCorps State Communities In Schools of Central Texas,Communities in Schools of Central Texas,"The program will have 90 AmeriCorps members who will serve as mentors and academic supporters in public schools in four Central Texas counties. At the end of the program year, the AmeriCorps members will be responsible for 650 students having increased social and emotional outcomes.",1918053.0,1168807.0,,unknown,0.0,650,individuals,,,0.0,United States,,,,0.0,09/01/22,08/31/23,,Education,,application,22AC241432.PDF,0.0,,True,19.952670574188232
22AC241608,,,AmeriCorps State College Forward Partnership for Higher Education,College Possible,"College Possible proposes to have 62 AmeriCorps members who will provide intensive coaching to economically disadvantaged high school and/or college students in the Austin, Texas area.",1321857.0,582505.0,,unknown,0.0,700,individuals,,,0.0,United States,,,,0.0,08/01/22,07/31/23,,Education,,application,22AC241608.PDF,0.0,,True,15.780986547470093
22AC242052,,,AmeriCorps State Lift As You Climb Program - MentorCorps,The Curators of the University of Missouri,"The University of Missouri-Kansas City proposes to have 5.0 AmeriCorps Member Service Years to increase college-going and persistence in Kansas City, Missouri. At the end of the first program year, the AmeriCorps members will be responsible for increasing the fall-to-fall retention rates for students of Color at UMKC. In addition, the AmeriCorps members will leverage 50 additional volunteers who will be engaged in near-peer mentoring and success coaching to Black/African American and Hispanic/Latinx college students, transitioning high school students, and community-engaged learning. This program will focus on the CNCS focus areas of Education and Economic Opportunity and in the priority area of programs that actively engage in removing structural racial inequities, advancing racial equality.",203321.0,140000.0,,unknown,0.0,350,unknown,,,0.0,United States,,,,0.0,08/01/22,09/30/23,,Education and Economic Opportunity,,application,22AC242052.PDF,0.0,,True,24.93938446044922
22AC242058,,,AmeriCorps State St. Louis Black Repertory Company Community Arts Fellowship,St Louis Black Repertory Company,The St Louis Black Repertory Company proposes to have Six (6) full-time AmeriCorps Members who will provide both in-school and out-of-school interactive learning intervention programs for students in grades K-12 to address the significant academic and non-academic risk factors that affect graduation rates in the St. Louis metro area schools by building critical non-cognitive skills and creating positive social-emotional interactions for students to prepare them for future school success.,174850.0,125367.0,,unknown,0.0,4500,students,,,0.0,United States,,,,0.0,07/29/22,12/31/22,,Education,,application,22AC242058.PDF,0.0,,True,21.19260811805725
22AC242067,,,AmeriCorps State Missouri College Advising Corps,University of Missouri System,"The Missouri College Advising Corps (MCAC) proposes to have 48 AmeriCorps members who will provide college and career advisement services to low-income, underrepresented students in 48 partner high schools within 32 school districts across Missouri. At the end of the first program year, the AmeriCorps members will be responsible for providing individualized college advisement to high school seniors with the ultimate goal of increasing college-going rates in partner schools compared to a three-year average baseline. In addition, the AmeriCorps members will leverage 240 volunteers who will be engaged in activities that foster a college-going culture within partner high schools.",2498515.0,752321.0,,unknown,0.0,48,individuals,,,0.0,United States,,,,0.0,08/01/22,12/31/23,,Education,,application,22AC242067.PDF,0.0,,True,23.871137619018555
22AC242092,,,Habitat for Humanity of Iowa AmeriCorps Program,"Habitat for Humanity of Iowa, Inc.","The Habitat for Humanity of Iowa AmeriCorps Program proposes to have 36 AmeriCorps members who will develop affordable housing across the state of Iowa, and who will stabilize and repair homes after a natural disaster. At the end of the first program year, the AmeriCorps members will be responsible for construction and repair of 100 housing units. In addition, the AmeriCorps members will leverage 2,500 volunteers who will be engaged in building or repairing safe, healthy affordable housing.",776432.0,470851.0,,unknown,0.0,100,unknown,,,0.0,United States,,,,0.0,09/01/22,08/31/23,,Economic Opportunity - Housing,,application,22AC242092.PDF,0.0,,True,20.899497985839844
22AC242098,,,"AmeriCorps State Healing Action Network, INC.","Healing Action Network, INC.","The Healing Action Network, INC., (HAN) proposes to have 9 AmeriCorps Members who will provide access to preventative mental health services to survivors of commercial sexual exploitation in the St. Louis region through case management, opioid education and Naloxone distribution, therapeutic counseling and providing community education to individuals and organizations across Missouri. At the end of the first program year, the AmeriCorps Members will be responsible for increasing knowledge regarding opioid education to program participants, assisting program recipients in achieving progress in at least one recovery goal, and increasing the knowledge/skill of community members and organizations across Missouri. In addition, the AmeriCorps Members will leverage 42 volunteers who will be engaged in community service projects.",143811.0,105540.0,,unknown,0.0,,unknown,,,0.0,United States,,,,0.0,08/01/22,12/31/23,,Healthy Futures,,application,22AC242098.PDF,0.0,,True,23.18877387046814
22AC242127,,,True North AmeriCorps,Duluth Area Family Y.M.C.A.,"The Duluth Area Family YMCA's True North AmeriCorps program proposes to have 64 AmeriCorps members who will provide social and emotional learning and academic enrichment to 1,000 children identified as 'at risk' in grades K-5 in 40 afterschool and school-based sites in Duluth, MN and surrounding rural counties (St Louis, Lake, Cook County, MN). At the end of the first program year, the AmeriCorps members will be responsible for improving students' social and emotional skills with 700 (70%) students demonstrating improvement. In addition, the AmeriCorps members will leverage 200 volunteers who will be engaged in supporting enrichment programming.",1079160.0,577280.0,,unknown,0.0,1000,individuals,,,0.0,United States,,,,0.0,08/15/22,08/14/23,,Education,,application,22AC242127.PDF,0.0,,True,25.413213968276978
22AC242161,,,AmeriCorps State Kansas City Teacher Residency II,"THE EDUCATOR ACADEMY, INC","The Kansas City Teacher Residency proposes to have 28 AmeriCorps Members who will serve as classroom support and co-teachers in public school districts and public charter schools. At the end of the first program year, the AmeriCorps Members will be responsible for increasing the academic outcomes for students in partnership with their co-teacher. In addition, the AmeriCorps Members will leverage 360 volunteers who will be engaged in member training and supporting classrooms where members are serving.",1189471.0,660800.0,,unknown,0.0,,unknown,,,0.0,United States,,,,0.0,09/01/22,06/30/23,,Education,,application,22AC242161.PDF,0.0,,True,20.708733797073364
22AC242181,,,AmeriCorps State International Institute of St. Louis AmeriCorps Program,International Institute of Metropolitan St. Louis,"The program will help refugees rebuild their lives, integrate into their new communities and become self-sufficient as soon as possible in the greater St. Louis Metropolitan area.",236020.0,118000.0,,unknown,0.0,110,unknown,,,0.0,United States,,,,0.0,08/01/22,07/31/23,,Economic Opportunity and Healthy Futures,,application,22AC242181.PDF,0.0,,True,15.31985592842102
22AC242197,,,Missouri Reading Corps,Literacy Lab,"The Missouri Reading Corps program proposes to have 60 AmeriCorps members who will provide children pre-K to grade 3 with daily, targeted early literacy intervention in pre-K classrooms and elementary schools in the greater Kansas City and St. Louis, Missouri, areas.",1567513.0,907220.0,,unknown,0.0,393,unknown,,,0.0,United States,,,,0.0,08/01/22,07/31/23,,Education,,application,22AC242197.PDF,0.0,,True,16.047993421554565
22AC242321,,,"RELIEF: Recovering from Covid-19 through Education, Local partnerships, Interdisciplinary Efforts, and Food assistance",Missouri State University,The RELIEF program aims to increase food security and healthy living choices among Missouri State University students and employees by providing access to healthy and culturally diverse foods and nutrition education.,455382.0,302400.0,,unknown,0.0,16000,individuals,,,0.0,United States,,,,0.0,08/01/22,07/31/23,,Healthy Futures,,application,22AC242321.PDF,0.0,,True,16.165329217910767
22AC242529,,,AmeriCorps State Digital Corps,Kansas City Public Library,"The Kansas City Public Library proposes to have 10 AmeriCorps Members who will serve as DigitalCorps members who will provide direct service for adult digital inclusion learners in Jackson County, Missouri.",269720.0,124124.0,,unknown,0.0,,unknown,,,0.0,United States,,,,0.0,07/29/22,12/31/23,,Educational Opportunity and Economic Mobility,,application,22AC242529.PDF,0.0,,True,14.81521987915039
22AC242563,,,AmeriCorps State Bur Oak Land Trust AmeriCorps,Bur Oak Land Trust,"The Bur Oak Land Trust proposes to have 11 AmeriCorps members who will provide active land management, environmental education and disaster response services primarily in Eastern Iowa. At the end of the first program year, the 7 Environmental Stewardship AmeriCorps members will be responsible for improving at least 420 acres of land. In addition, the AmeriCorps members will leverage 200 volunteers who will be engaged in environmental stewardship and conservation education.",308723.0,216002.0,,unknown,0.0,11,unknown,,,0.0,United States,,,,0.0,09/01/22,08/31/23,,Environmental Stewardship,,application,22AC242563.PDF,0.0,,True,19.927422761917114
22AC242573,,,AmeriCorps State City of Davenport AmeriCorps/Youth Corps Program,City of Davenport,"The City of Davenport proposes to have 67 AmeriCorps members who will perform service activities such as attendance support, academic support, mentoring support and recruitment, community outreach, interactive educational programs and other educational support activities at Big Brothers Big Sisters, Davenport Community Schools, Stepping Stones, Davenport Parks and Recreation, Davenport Library, Girl Scouts, The Putnam Museum and other organizations focusing on educational experiences. At the end of the first program year, the AmeriCorps members will be responsible for helping to raise the attendance rates, job readiness, and reading proficiency, and decreasing the high-risk behaviors for Davenport community schools students. In addition, the AmeriCorps members will leverage an additional 200 volunteers who will be engaged in supporting educational mentoring activities with youth.",969731.0,484862.0,,unknown,0.0,67,individuals,,,0.0,United States,,,,0.0,08/01/22,07/31/23,,Education,,application,22AC242573.PDF,0.0,,True,25.515454530715942
22AC242604,,,AmeriCorps State Green Iowa AmeriCorps,University of Northern Iowa,"The University of Northern Iowa proposes to have 114 members who will provide direct energy efficiency services, environmental education, volunteer engagement opportunities, and engage in member professional development experiences throughout Iowa.",2485147.0,1165557.0,,unknown,0.0,600,unknown,,,0.0,United States,,,,0.0,09/01/21,08/31/24,,Environmental Stewardship,,application,22AC242604.PDF,0.0,,True,15.438698768615723
22AC242639,,,AmeriCorps State Iowa Reading Corps AmeriCorps Program,United Ways of Iowa,"The United Ways of Iowa proposes to have 65 AmeriCorps members who will serve as Iowa Reading Corps AmeriCorps members tutoring students in K-3rd grade who are at risk of reading failure in the state of Iowa. At the end of the first program year, the AmeriCorps members will be responsible for delivering interventions that improve literacy skills and related academic performance. In addition, the AmeriCorps members will leverage 130 volunteers who will be engaged in 1-time and ongoing literacy activities.",1556791.0,804396.0,,unknown,0.0,65,individuals,,,0.0,United States,,,,0.0,09/01/22,08/31/23,,Education,,application,22AC242639.PDF,0.0,,True,20.704845190048218
22AC242656,,,AmeriCorps State Course to College,College Student Aid Commission Iowa,"The program will have 55 AmeriCorps members serve as Student Leaders, Free Application for Federal Student Aid (FAFSA) Associates and College Coaches in 10-15 partner high schools, the ICA office, and 15 colleges. At the end of the first program year, the AmeriCorps members will be responsible for ensuring 249 students served by the Access and Success program complete the necessary steps to enter and complete post-secondary education.",457965.0,282726.0,,unknown,0.0,249,individuals,,,0.0,United States,,,,0.0,08/01/22,07/31/23,,Education,,application,22AC242656.PDF,0.0,,True,19.768884420394897
22AC242756,,,"A Million Stars, Inc.","A Million Stars, Inc.","College Bound Saint Louis (CB) proposes to have 14 full-time AmeriCorps Members (ACMs) who will prepare students for college and career success through developmental opportunities, educational content, and coaching designed to foster academic and personal success in Saint Louis at the main College Bound office and at our embedded office at Saint Louis Community College-Forrest Park. We will also provide early college awareness programming for 300 ninth-grade students in St. Louis, MO.",593400.0,296878.0,,unknown,0.0,250,individuals,,,0.0,United States,,,,0.0,08/01/22,12/31/23,,Education,,application,22AC242756.PDF,0.0,,True,19.63945436477661
22AC242862,,,AmeriCorps State United Way of the Midlands,United Way of the Midlands Inc,"The Midlands Reading Consortium serves students in Richland, Lexington, Orangeburg, Fairfield, and Newberry counties. AmeriCorps Members would serve prekindergarten to second grade students in one-to-one reading engagement sessions, engage parents about the importance of reading at home, increase home libraries through book distribution, and promote literacy through general outreach and community engagement.",253115.0,168416.0,,unknown,0.0,650,students,,,0.0,United States,,,,0.0,08/01/22,07/31/23,,Education,,application,22AC242862.PDF,0.0,,True,18.178173542022705
22AC242939,,,City of Lakes AmeriCorps,Minneapolis Public Schools,"The Minneapolis Public Schools' City of Lakes program proposes to have 35 AmeriCorps members who will provide evidence-informed tutoring, enrichment, and parent engagement to 200 Long-Term English Learners in grades 6-8 in ten school locations throughout Minneapolis Public Schools.",1073690.0,535712.0,,unknown,0.0,200,individuals,,,0.0,United States,,,,0.0,08/01/22,07/31/23,,Education,,application,22AC242939.PDF,0.0,,True,16.43238377571106
22AC243036,,,Minnesota GreenCorps,Minnesota Pollution Control Agency,The Minnesota Pollution Control Agency proposes to have 48 AmeriCorps members who will help improve environmental stewardship by implementing locally-defined projects in host communities across the state.,2419612.0,993165.0,,unknown,0.0,100,unknown,,,0.0,United States,,,,0.0,09/01/22,08/31/23,,Environmental Stewardship,,application,22AC243036.PDF,0.0,,True,14.847121000289917
22AC243048,,,AmeriCorps State Texas Service Corps,Equal Heart,"Equal Heart proposes to have 287 AmeriCorps members who will provide a multitude of services; including job readiness services, student engagement, environmental treatment, hunger reduction, connections to service opportunities, and other services that meet local needs in rural, distressed and other under-resourced communities across Texas.",2906750.0,1815042.0,,unknown,0.0,,unknown,,,0.0,United States,,,,0.0,09/01/22,08/31/23,,"Economic Opportunity, Education, Environmental Stewardship, Healthy Futures, and Veterans and Military Families",,application,22AC243048.PDF,0.0,,True,17.494287490844727
22AC243110,,,AmeriCorps State AmeriCorps LEAP Initiative,Southern Minnesota Initiative Foundation,"The Southern Minnesota Initiative Foundation (SMIF) proposes to have 20 full-time AmeriCorps members in its Learning Early Achieves Potential (LEAP) Initiative who will be trained to provide targeted intervention 1:1 and small group instruction, large group education in teachable classroom moments on social emotional learning (SEL) school readiness skills to assist economically disadvantaged preschoolers in 16 early childhood programs across Southern Minnesota.",692270.0,346243.0,,unknown,0.0,200,individuals,,,0.0,United States,,,,0.0,08/01/22,07/31/23,,Education,,application,22AC243110.PDF,0.0,,True,22.700308561325073
22AC243134,,,Lead For Minnesota,National Lead for America Inc,AmeriCorps State Lead For Minnesota - Hometown Fellows,800689.0,532830.0,,unknown,0.0,,unknown,,,0.0,United States,,,,0.0,08/01/22,07/31/23,,Capacity Building,,application,22AC243134.PDF,0.0,,True,13.27726674079895
22AC243240,,,AmeriCorps State College Possible Nebraska,College Possible,"College Possible proposes to have 30 AmeriCorps members who will support 2,018 students from low-income backgrounds for success in post-secondary education through academic and college preparation programming in Douglas, Sarpy, Lancaster, Buffalo, Wayne, Nemaha, Saline, and Dodge Counties in Nebraska.",1378663.0,648000.0,,unknown,0.0,2018,students,,,0.0,United States,,,,0.0,08/01/22,07/31/23,,Education,,application,22AC243240.PDF,0.0,,True,18.01830768585205
22AC243316,,,AmeriCorps State Iowa AmeriCorps 4H Outreach Program,Iowa State University of Science and Technology,"The Iowa State University AmeriCorps 4-H program proposes to have 45 AmeriCorps members who will provide positive youth development activities through a combination of in-school, after-school, and out-of-school programming in 30 sites that have a high concentration of youth who are economically disadvantaged, reside in rural areas, and/or have special/exceptional needs, all of which represent characteristics that have been disproportionally impacted by the COVID-19 pandemic. At the end of the first program year, the members will be responsible for increasing knowledge in at least one of four 4-H life skill development areas for youth participants. In addition, the AmeriCorps members will leverage 300 volunteers to support activities associated with positive youth development.",1492025.0,746012.0,,unknown,0.0,,unknown,,,0.0,United States,,,,0.0,09/01/22,08/31/23,,Education,,application,22AC243316.PDF,0.0,,True,23.980681657791138
22AC243655,,,AmeriCorps State Austin Achieve Public Schools,Austin Achieve Public Schools,"The Austin Achieve Public Schools (AAPS) proposes to have 20 AmeriCorps members who will serve as reading specialists for AAPS Elementary and Middle School students in Austin, Texas. At the end of the program year, the AmeriCorps members will be responsible for improved reading skills among AAPS students as evidenced by performance on Fountas & Pinnell Leveled Literacy Intervention tests.",631206.0,479716.0,,unknown,0.0,,unknown,,,0.0,United States,,,,0.0,08/01/22,07/31/23,,Education,,application,22AC243655.PDF,0.0,,True,18.20835828781128
22AC243822,,,AmeriCorps State Mental Health America of Greenville County,Mental Health America of Greenville County,"The program will consist of 21 AmeriCorps Members who will work on the National Suicide Prevention Lifeline in all SC counties. At the end of the first program year, the AmeriCorps Members will be responsible for responding to 3,000 calls from the National Suicide prevention Lifeline.",297437.0,218595.0,,unknown,0.0,3000,individuals,,,0.0,United States,,,,0.0,08/01/22,07/31/23,,Healthy Futures,,application,22AC243822.PDF,0.0,,True,17.76329803466797
22AC243997,,,AmeriCorps SC planning grant,United Way of Horry County Inc,"The AmeriCorps SC planning grant will provide resources and guidance to design a high-quality AmeriCorps program that will seek to utilize AmeriCorps Members to address the critical education issues in Horry County. During the planning period, the organization will work with the recently formed Horry County Birth to 5 Coalition to identify the target communities, develop a plan to deliver a science-based solution, establish effective partners, and design an AmeriCorps member and volunteer recruitment plan.",88049.0,61930.0,,unknown,0.0,,unknown,,,0.0,United States,,,,0.0,08/01/22,07/31/23,,Education,,application,22AC243997.PDF,0.0,,True,18.840779781341553
22AC244203,,,AmeriCorps State City of Dubuque AmeriCorps Program,City of Dubuque,"The City of Dubuque proposes to have 16 AmeriCorps members who will develop and implement teen programming in Dubuque, IA. At the end of the program year, the AmeriCorps members will be responsible for a change in teenaged youths' knowledge of social-emotional skills and knowledge of career opportunities. In addition, the AmeriCorps members will leverage 100 volunteers who will be engaged in mentoring teens and supporting teen programming.",385378.0,204696.0,,unknown,0.0,,unknown,,,0.0,United States,,,,0.0,09/01/22,08/31/23,,Education and Economic Opportunity,,application,22AC244203.PDF,0.0,,True,19.572416305541992
22AC244647,,,AmeriCorps State NWF - AmeriCorps Georgia Planning Grant,National Wildlife Federation,"The National Wildlife Federation proposes to develop an AmeriCorps program serving in Georgia that will focus on the CNCS or Georgia Services focus area(s) of Environmental Stewardship. The CNCS investment of $75,000 will be matched with $[32,935], $[0] in public funding and $[32,935] in private funding. No AmeriCorps members will be needed to execute this plan.",107935.0,75000.0,,unknown,0.0,,unknown,,,0.0,United States,,,,0.0,08/01/22,07/31/23,,Environmental Stewardship,,application,22AC244647.PDF,0.0,,True,19.51750946044922
22AC244666,,,AmeriCorps State Reading Corps and Math Corps - Mississippi,"Reading & Math, Inc.","The program will provide 30 AmeriCorps members to help schools deliver proven academic interventions to economically disadvantaged students at schools in Mississippi, specifically, Jackson Public School District. The AmeriCorps members will be responsible for helping 630 students kindergarten to grade 8 be on-track to read proficiently by third grade, and algebra-ready by eighth grade.",1826931.0,554731.0,,unknown,0.0,630,students,,,0.0,United States,,,,0.0,08/01/22,07/31/23,,Education,,application,22AC244666.PDF,0.0,,True,17.86523985862732
22AC244699,,,Imagine Art AmeriCorps Program,Imagine Art,"The Imagine Art AmeriCorps Program proposes to have 20 FT AmeriCorps members who will serve in training and direct service roles supporting job readiness for artists with disabilities in Austin, Texas. At the end of the program year, the AmeriCorps members will be responsible for increasing knowledge, skills and opportunities that impact job readiness and employment outcomes for 50 artists with disabilities. In addition, the AmeriCorps members will leverage 50 volunteers who will be engaged in supporting member activities.",590825.0,431968.0,,unknown,0.0,50,unknown,,,0.0,United States,,,,0.0,09/01/22,08/31/23,,Economic Development,,application,22AC244699.PDF,0.0,,True,19.836241245269775
22AC244716,,,AmeriCorps State Virginia College Advising Corps,Rector & Visitors of the University of Virginia,"The Virginia College Advising Corps proposes to have 60 AmeriCorps members who will provide near-peer college advising to low-income, underrepresented, and first-generation students in 66 high school site locations.",3164467.0,1200338.0,,unknown,0.0,60,individuals,,,0.0,United States,,,,0.0,07/15/22,06/30/23,,Education,,application,22AC244716.PDF,0.0,,True,15.594350576400757
22AC244894,,,Travis County CAPITAL AmeriCorps Project,Travis County,"The Travis County CAPITAL AmeriCorps Project proposes to have 35 AmeriCorps members who will lead out-of-school time (afterschool, summer camp, and outreach events) and in-school STEM enrichment experiences in Travis County elementary and middle schools in which the majority of students qualify for free or reduced price lunch. At the end of the program year, the AmeriCorps members will be responsible for improving academic engagement in 375 students. In addition, the AmeriCorps members will leverage 16 volunteers who will be engaged in providing additional STEM enrichment experiences.",1374673.0,677420.0,,unknown,0.0,375,individuals,,,0.0,United States,,,,0.0,08/01/22,07/31/23,,Education,,application,22AC244894.PDF,0.0,,True,20.891674518585205
22AC244910,,,AmeriCorps State Palmetto Conservation Corps,Palmetto Conservation Foundation,"The Palmetto Conservation Foundation (PCF) proposes to have 24 AmeriCorps members who expand green infrastructure, support environmental stewardship efforts, and participate in disaster preparedness, relief, and recovery across South Carolina.",341784.0,199228.0,,unknown,0.0,150,individuals,,,0.0,United States,,,,0.0,08/01/22,07/31/23,,Environmental Stewardship,,application,22AC244910.PDF,0.0,,True,22.336325883865356
22AC244934,,,LIFT UP AmeriCorps Tutoring Program,"Carroll County Schools, Smyth County Schools, and Galax City Schools","The LIFT UP AmeriCorps Tutoring program proposes to have 38 half-time AmeriCorps members who will tutor at-risk students in reading and/or math in Pre-K through 8th grade in 9 schools in Carroll County and in 1 middle school in Smyth County and 1 elementary school in the City of Galax. At the end of the program year, the AmeriCorps members will be responsible for at least 60% of the identified at-risk students in Pre-K through 8th grade to reach the end-of-year/course benchmark on the state required benchmark test for their grade level.",515372.0,295855.0,,unknown,0.0,,unknown,,,0.0,United States,,,,0.0,09/01/22,08/31/23,,Education,,application,22AC244934.PDF,0.0,,True,22.814900636672974
22AC244955,,,"Richmond, City of","Richmond, City of","The City of Richmond proposes to have 19 AmeriCorps members who will provide opioid and heroin abuse direct prevention and recovery services, economic opportunities for underserved citizens, and environmental stewardship for at-risk ecosystems that include parks/ public spaces, trails, and rivers in Richmond, Virginia.",362962.0,165315.0,,unknown,0.0,1825,unknown,,,0.0,United States,,,,0.0,09/12/22,10/01/23,,"Healthy Futures, Economic Opportunities, Environmental Stewardship",,application,22AC244955.PDF,0.0,,True,17.8118953704834
22AC244958,,,Virginia Service and Conservation Corps,Virginia Department of Conservation and Recreation,"The Virginia Service and Conservation Corps proposes to have 80 AmeriCorps members who will focus on invasive species removal, trail maintenance and construction, and environmental education throughout Virginia.",875607.0,434029.0,,unknown,0.0,2268,unknown,,,0.0,United States,,,,0.0,10/01/22,09/30/23,,Environmental Stewardship,,application,22AC244958.PDF,0.0,,True,14.888099431991577
22AC244996,,,Virginia Reading Corps,Literacy Lab,"The Literacy Lab proposes to have 70 AmeriCorps members who will provide daily, targeted early literacy interventions to kindergarten through 3rd grade students in elementary schools in the Greater Richmond, Hampton Roads, and Dan River regions of Virginia.",1812858.0,898484.0,,unknown,0.0,305,individuals,,,0.0,United States,,,,0.0,09/01/22,08/31/23,,Education,,application,22AC244996.PDF,0.0,,True,15.9636971950531
22AC245087,,,AmeriCorps State Learning Links,Aspire! Afterschool Learning,"AmeriCorps members will provide a critical link across the three main aspects of a child's daily experience (school, afterschool, home/community) to improve the academic performance of 80 third-fifth grade and Middle School students from historically underserved communities in Arlington, VA.",715857.0,353461.0,,unknown,0.0,80,students,,,0.0,United States,,,,0.0,08/16/22,08/15/23,,Education,,application,22AC245087.PDF,0.0,,True,16.740190505981445
22AC245498,,,Washington Association of Child Advocate Programs,Washington Association of Child Advocate Programs,"The Washington Association of Child Advocate Programs proposes to have 20 AmeriCorps members who will assist in the recruitment of volunteer guardians ad litem to serve dependent children in various jurisdictions and tribes throughout Washington state. At the end of the first program year, the AmeriCorps members will be responsible for supporting and implementing local volunteer program recruitment strategies and the volunteer on-boarding process. In addition, the AmeriCorps members will leverage 400 volunteers who will be engaged in serving dependent children as a guardian ad litem.",749197.0,503981.0,,unknown,0.0,,unknown,,,0.0,United States,,,,0.0,10/01/22,09/30/23,,Education,,application,22AC245498_Application.pdf,0.0,,True,19.738900423049927
22AC245498,20AFHWA0010015,,Washington Association of Child Advocate Programs,Washington Association of Child Advocate Programs,"This year we continued to see programs struggle with recruitment and saw significant program staff turnover which also impacted recruitment and retention of members. That said the number of applicants reported are comparable to applications received in PY18. Subgrantees continue to cite high cost of living, mental health needs, and partner organization capacity as barriers to recruitment. In response ServeWA has worked to increase federal cost per MSY in alignment with agency strategies, obtain additional state money to support standard benefits such as member EAPs, and subsidizing host site fees for organizations new to AmeriCorps or in underserved or underinvested areas. Additionally, Serve Washington has a Recruitment and Engagement Manager and has increased commission led member development opportunities.",,,,unknown,0.0,,unknown,,,0.0,United States,,,,0.0,08/01/2022,09/30/2023,,,,ppr,22AC245498_PPRSummaryACSubGranteeReport_Nov2023.pdf,0.0,,True,22.07088327407837
22AC245821,,,AmeriCorps State Girl Scouts of Western Washington AmeriCorps Grant,Girl Scouts of Western Washington,"The mission of Girl Scouts of Western Washington (GSWW) is to build girls of courage, confidence, and character who make the world a better place. Our community represents every race, ethnicity, income level, sexual orientation, ability, and religion; reflects a spectrum of gender identity; and connects across geographic locations. By focusing our attention on community members who are furthest from racial, economic, and social justice, Girl Scouts can be an instrument of change, promoting equitable outcomes for all. We wholly commit to taking anti-racist action to grow as an anti-racist and anti-oppressive organization so that, through Girl Scouts, our members are affirmed as they strive to make our community and world better.",115774.0,40774.0,,unknown,0.0,,unknown,,,0.0,United States,,,,0.0,08/01/22,07/31/23,,Education,,application,22AC245821_Application.pdf,0.0,,True,26.246985912322998
22AC245821,20AFHWA0010014,,Girl Scouts of Western Washington AmeriCorps Grant,Girl Scouts of Western Washington,"This year we continued to see programs struggle with recruitment and saw significant program staff turnover which also impacted recruitment and retention of members. That said the number of applicants reported are comparable to applications received in PY18. Subgrantees continue to cite high cost of living, mental health needs, and partner organization capacity as barriers to recruitment. In response ServeWA has worked to increase federal cost per MSY in alignment with agency strategies, obtain additional state money to support standard benefits such as member EAPs, and subsidizing host site fees for organizations new to AmeriCorps or in underserved or underinvested areas. Additionally, Serve Washington has a Recruitment and Engagement Manager and has increased commission led member development opportunities.",,,,unknown,0.0,,unknown,,,0.0,United States,,,,0.0,08/01/2022,09/30/2023,,Education,,ppr,22AC245821_PPRSummaryACSubGranteeReport_Nov2023.pdf,0.0,,True,22.521179676055908
22AC245880,,,AmeriCorps State Port Angeles School District,Port Angeles School District,"The Port Angeles School District proposes to have 16 AmeriCorps members who will serve as mentors and provide academic support in K-12 schools in the Port Angeles School District and with the Lower Elwha Klallam Tribe. At the end of the first program year, the AmeriCorps members will be responsible for improving academic and community engagement among students served. In addition, the AmeriCorps members will leverage an additional 85 volunteers who will be engaged in mentoring students and increasing community collaborations. This program will focus on the CNCS focus area of Education.",539371.0,313170.0,,unknown,0.0,,unknown,,,0.0,United States,,,,0.0,08/01/22,07/31/23,,Education,,application,22AC245880_Application.pdf,0.0,,True,21.14422607421875
22AC245880,20AFHWA0010009,,Port Angeles School District AmeriCorps,Port Angeles School District,This year we continued to see programs struggle with recruitment and saw significant program staff turnover which also impacted recruitment and retention of members.,,,,unknown,0.0,,unknown,,,0.0,United States,,,,0.0,08/01/2022,09/30/2023,,,,ppr,22AC245880_PPRSummaryACSubGranteeReport_Nov2023.pdf,0.0,,True,13.025886535644531
22AC245991,,,Common Threads Farm,Common Threads Farm,"Common Threads Farm proposes to have 30 AmeriCorps members who will contribute to the development of a more just and equitable food system by increasing access to opportunities for youth to grow, prepare, eat, learn about and share healthy food in school and community settings in Whatcom County, as well as at partner site locations across WA state. At the end of the first program year, the AmeriCorps members will be responsible for having increased children's access to healthy food and having increased their willingness to try new healthy foods. In addition, the AmeriCorps members will leverage 400 volunteers who will be engaged in growing food in school gardens and supporting food education lessons. This program will focus on the CNCS focus area of healthy futures.",967679.0,657356.0,,unknown,0.0,,unknown,,,0.0,United States,,,,0.0,08/01/22,07/31/23,,Healthy Futures,,application,22AC245991_Application.pdf,0.0,,True,23.250272035598755
22AC245991,20AFHWA0010002,,Common Threads Farm,Common Threads Farm,"This year we continued to see programs struggle with recruitment and saw significant program staff turnover which also impacted recruitment and retention of members. That said the number of applicants reported are comparable to applications received in PY18. Subgrantees continue to cite high cost of living, mental health needs, and partner organization capacity as barriers to recruitment. In response ServeWA has worked to increase federal cost per MSY in alignment with agency strategies, obtain additional state money to support standard benefits such as member EAPs, and subsidizing host site fees for organizations new to AmeriCorps or in underserved or underinvested areas. Additionally, Serve Washington has a Recruitment and Engagement Manager and has increased commission led member development opportunities.",,,,unknown,0.0,,unknown,,,0.0,United States,,,,0.0,08/01/2022,09/30/2023,,Food access for families,,ppr,22AC245991_PPRSummaryACSubGranteeReport_Nov2023.pdf,0.0,,True,21.886979818344116
22AC246296,,,AmeriCorps State Salvation Army NW Division - Planning,The Salvation Army,"The Salvation Army in WA served over 387,636 individuals by assisting with food boxes, homeless bags, weekend food for school children, supplies, holiday assistance, sending at risk kids to camp, case management services through utilities, rent assistance and the Pathway of Hope Program. The Salvation Army strives to address the needs of the whole person through short-and long-term assistance to address the root issues and break the cycle of intergenerational poverty.",100879.0,75000.0,,unknown,0.0,,unknown,,,0.0,United States,,,,0.0,08/01/22,07/31/23,,Community Services,,application,22AC246296_Application.pdf,0.0,,True,18.87173843383789
22AC246296,20AFHWA0010012,,Salvation Army NW Division - Planning,THE SALVATION ARMY,"This year we continued to see programs struggle with recruitment and saw significant program staff turnover which also impacted recruitment and retention of members. That said the number of applicants reported are comparable to applications received in PY18. Subgrantees continue to cite high cost of living, mental health needs, and partner organization capacity as barriers to recruitment. In response ServeWA has worked to increase federal cost per MSY in alignment with agency strategies, obtain additional state money to support standard benefits such as member EAPs, and subsidizing host site fees for organizations new to AmeriCorps or in underserved or underinvested areas. Additionally, Serve Washington has a Recruitment and Engagement Manager and has increased commission led member development opportunities.",,,,unknown,0.0,,unknown,,,0.0,United States,,,,0.0,08/01/2022,09/30/2023,,,,ppr,22AC246296_PPRSummaryACSubGranteeReport_Nov2023.pdf,0.0,,True,22.306159734725952
22AC246356,,,Serve Tri-Cities AmeriCorps,Pasco School District,The Pasco School District's Serve Tri-Cities AmeriCorps program proposes to have 30 AmeriCorps Members who will improve academic performance among economically disadvantaged elementary school children in Benton and Franklin counties.,1238024.0,555801.0,,unknown,0.0,630,individuals,,,0.0,United States,,,,0.0,09/01/22,08/30/23,,Education,,application,22AC246356_Application.pdf,0.0,,True,15.500137090682983
22AC246356,20AFHWA0010004,,Serve Tri-Cities,Pasco School District 1,"This year we continued to see programs struggle with recruitment and saw significant program staff turnover which also impacted recruitment and retention of members. That said the number of applicants reported are comparable to applications received in PY18. Subgrantees continue to cite high cost of living, mental health needs, and partner organization capacity as barriers to recruitment. In response ServeWA has worked to increase federal cost per MSY in alignment with agency strategies, obtain additional state money to support standard benefits such as member EAPs, and subsidizing host site fees for organizations new to AmeriCorps or in underserved or underinvested areas. Additionally, Serve Washington has a Recruitment and Engagement Manager and has increased commission led member development opportunities.",,,,unknown,0.0,,unknown,,,0.0,United States,,,,0.0,08/01/2022,09/30/2023,,,,ppr,22AC246356_PPRSummaryACSubGranteeReport_Nov2023.pdf,0.0,,True,22.06019687652588
22AC246402,,,AmeriCorps State Attendance Matters,UNITED WAY OF BENTON AND FRANKLIN COUNTIES,"The program proposes to have 17 1,200-hour AmeriCorps members who will coordinate and run lunchtime mentoring programs in all 17 middle schools in Benton and Franklin Counties. At the end of the first program year, the AmeriCorps members will be responsible for ensuring that a minimum of 15 chronically absent students in each school have received mentoring once a week for 45 minutes during lunchtime for the 2021-2022 school year. AmeriCorps members will do this by recruiting and coordinating at least 15 local volunteers at each school who will be engaged in mentoring chronically absent students.",484475.0,315435.0,,unknown,0.0,,unknown,,,0.0,United States,,,,0.0,08/01/22,07/31/23,,Education,,application,22AC246402_Application.pdf,0.0,,True,23.139806032180786
22AC246402,20AFHWA0010005,,Attendance Matters AmeriCorps,UNITED WAY OF BENTON AND FRANKLIN COUNTIES,This year we continued to see programs struggle with recruitment and saw significant program staff turnover which also impacted recruitment and retention of members.,,,,unknown,0.0,254,individuals,,,0.0,United States,,,,0.0,08/01/2022,09/30/2023,,Education,,ppr,22AC246402_PPRSummaryACSubGranteeReport_Nov2023.pdf,0.0,,True,14.574830293655396
22AC246480,,,AmeriCorps State Sea Mar Community Health Centers,SEA MAR COMMUNITY HEALTH CENTERS,"The program will serve 8 counties in Washington State. These include: Whatcom, Skagit, Snohomish, King, Pierce, Thurston, Grays Harbor, and Clark County.",579463.0,428400.0,,unknown,0.0,8,unknown,,,0.0,United States,,,,0.0,08/01/22,07/31/23,,Healthy Futures,,application,22AC246480_Application.pdf,0.0,,True,15.111502170562744
22AC246480,20AFHWA0010007,,Sea Mar Community Health Centers,SEA MAR COMMUNITY HEALTH CENTERS,"This year we continued to see programs struggle with recruitment and saw significant program staff turnover which also impacted recruitment and retention of members. That said the number of applicants reported are comparable to applications received in PY18. Subgrantees continue to cite high cost of living, mental health needs, and partner organization capacity as barriers to recruitment. In response ServeWA has worked to increase federal cost per MSY in alignment with agency strategies, obtain additional state money to support standard benefits such as member EAPs, and subsidizing host site fees for organizations new to AmeriCorps or in underserved or underinvested areas. Additionally, Serve Washington has a Recruitment and Engagement Manager and has increased commission led member development opportunities.",,,,unknown,0.0,,unknown,,,0.0,United States,,,,0.0,08/01/2022,09/30/2023,,,,ppr,22AC246480_PPRSummaryACSubGranteeReport_Nov2023.pdf,0.0,,True,21.94244408607483
22AC246514,,,AmeriCorps State VVHC AmeriCorps Planning 2022,LEWIS COUNTY COMMUNITY HEALTH CENTER,"The project area encompasses Lewis, Pacific, and Thurston Counties, where the organization provides Primary Care, Dental, Behavioral Health, and pharmaceutical services to low-income, uninsured, and medically underserved residents. The project aims to address the healthcare workforce shortage in the area, particularly in rural areas, by leveraging AmeriCorps Members as Community Health Workers or Promotores de Salud.",95028.0,66223.0,,unknown,0.0,,unknown,,,0.0,United States,,,,0.0,08/01/22,07/31/23,,Health,,application,22AC246514_Application.pdf,0.0,,True,18.58455467224121
22AC246514,20AFHWA0010013,,VVHC AmeriCorps Planning 2022,LEWIS COUNTY COMMUNITY HEALTH CENTER,"This year we continued to see programs struggle with recruitment and saw significant program staff turnover which also impacted recruitment and retention of members. That said the number of applicants reported are comparable to applications received in PY18. Subgrantees continue to cite high cost of living, mental health needs, and partner organization capacity as barriers to recruitment. In response ServeWA has worked to increase federal cost per MSY in alignment with agency strategies, obtain additional state money to support standard benefits such as member EAPs, and subsidizing host site fees for organizations new to AmeriCorps or in underserved or underinvested areas. Additionally, Serve Washington has a Recruitment and Engagement Manager and has increased commission led member development opportunities.",,,,unknown,0.0,,unknown,,,0.0,United States,,,,0.0,08/01/2022,09/30/2023,,,,ppr,22AC246514_PPRSummaryACSubGranteeReport_Nov2023.pdf,0.0,,True,23.043378114700317
22AC246598,,,AmeriCorps State AmeriCorps of Chelan Douglas Community Action Council,Chelan-Douglas County Community Action Council,"The Chelan Douglas Community Action Council proposes to place 25 AmeriCorps members in rural communities, to improve the academics of students, offer evidence-based health promotion programs, strengthen programs addressing hunger and food security, support English literacy obtainment, and tutor Adult Basic Education in Chelan, Douglas, Grant and Okanogan Counties.",765733.0,540000.0,,unknown,0.0,200,individuals,,,0.0,United States,,,,0.0,08/01/22,07/31/23,,"Education, Health, Economic Opportunity",,application,22AC246598_Application.pdf,0.0,,True,19.67189860343933
22AC246598,20AFHWA0010011,,AmeriCorps of Chelan Douglas Community Action Council,Chelan-Douglas County Community Action Council,"This year we continued to see programs struggle with recruitment and saw significant program staff turnover which also impacted recruitment and retention of members. That said the number of applicants reported are comparable to applications received in PY18. Subgrantees continue to cite high cost of living, mental health needs, and partner organization capacity as barriers to recruitment. In response ServeWA has worked to increase federal cost per MSY in alignment with agency strategies, obtain additional state money to support standard benefits such as member EAPs, and subsidizing host site fees for organizations new to AmeriCorps or in underserved or underinvested areas. Additionally, Serve Washington has a Recruitment and Engagement Manager and has increased commission led member development opportunities.",,,,unknown,0.0,,unknown,,,0.0,United States,,,,0.0,08/01/2022,09/30/2023,,,,ppr,22AC246598_PPRSummaryACSubGranteeReport_Nov2023.pdf,0.0,,True,23.43246340751648
22AC246601,,,Safe Streets Campaign,Safe Streets Campaign,"Safe Streets proposes to have 20 AmeriCorps members who will provide positive youth development services in Pierce County, Washington, including the City of Tacoma. At the end of the first program year, the AmeriCorps members will be responsible for building positive youth development in at least 60% of youth participants across six domains: caring, confidence, contribution, competence, connection, and character. In addition, the AmeriCorps members will leverage 15 volunteers. The CNCS investment of $364,000 will be matched with $50,000 in public funding and $182,532 in private funding. This grant includes augmentation with American Rescue Plan funding for the purpose of increasing the member living allowance.",776248.0,514000.0,,unknown,0.0,,unknown,,,0.0,United States,,,,0.0,08/01/22,07/31/23,,Education,,application,22AC246601_Application.pdf,0.0,,True,23.744760513305664
22AC246601,20AFHWA0010003,,Imagine Justice,Safe Streets Campaign,"This year we continued to see programs struggle with recruitment and saw significant program staff turnover which also impacted recruitment and retention of members. That said the number of applicants reported are comparable to applications received in PY18. Subgrantees continue to cite high cost of living, mental health needs, and partner organization capacity as barriers to recruitment. In response ServeWA has worked to increase federal cost per MSY in alignment with agency strategies, obtain additional state money to support standard benefits such as member EAPs, and subsidizing host site fees for organizations new to AmeriCorps or in underserved or underinvested areas. Additionally, Serve Washington has a Recruitment and Engagement Manager and has increased commission led member development opportunities.",,,,unknown,0.0,,unknown,,,0.0,United States,,,,0.0,08/01/2022,09/30/2023,,Education,,ppr,22AC246601_PPRSummaryACSubGranteeReport_Nov2023.pdf,0.0,,True,21.61389183998108
22AC247612,,,AmeriCorps State Placeholder WA Cost Reimbursement,Washington State Office of Financial Management,N/A - Placeholder Application,288000.0,288000.0,,unknown,0.0,,unknown,,,0.0,United States,,,,0.0,08/01/22,07/31/23,,Other Community Priorities,,application,22AC247612_Application.pdf,0.0,,True,12.290461301803589
22AC247612,20AFHWA0010008,,Placeholder WA Cost Reimbursement,WASHINGTON STATE OFFICE OF FINANCIAL MANAGEMENT,"This year we continued to see programs struggle with recruitment and saw significant program staff turnover which also impacted recruitment and retention of members. That said the number of applicants reported are comparable to applications received in PY18. Subgrantees continue to cite high cost of living, mental health needs, and partner organization capacity as barriers to recruitment. In response ServeWA has worked to increase federal cost per MSY in alignment with agency strategies, obtain additional state money to support standard benefits such as member EAPs, and subsidizing host site fees for organizations new to AmeriCorps or in underserved or underinvested areas. Additionally, Serve Washington has a Recruitment and Engagement Manager and has increased commission led member development opportunities.",,,,unknown,0.0,,unknown,,,0.0,United States,,,,0.0,08/01/2022,09/30/2023,,,,ppr,22AC247612_PPRSummaryACSubGranteeReport_Nov2023.pdf,0.0,,True,22.561357259750366
22AC247636,,,AmeriCorps State CivicSpark Washington,CivicWell,"The Local Government Commission proposes to have 20 AmeriCorps members to increase local government capacity to become more resilient by supporting resource development projects in Washington. By year one, members will serve at least 30 local governments through capacity-building initiatives, and of those at least 25 will report capacity-building gains. In addition, members will leverage 60 ongoing and 140 one-time volunteers who will be engaged in community resilience activities. The program will focus on environmental stewardship.",1008957.0,431991.0,,unknown,0.0,,unknown,,,0.0,United States,,,,0.0,09/01/22,08/31/23,,Environment,,application,22AC247636_Application.pdf,0.0,,True,19.14518165588379
22AC247636,20AFHWA0010010,,CivicSpark Washington,CivicWell,"This year we continued to see programs struggle with recruitment and saw significant program staff turnover which also impacted recruitment and retention of members. That said the number of applicants reported are comparable to applications received in PY18. Subgrantees continue to cite high cost of living, mental health needs, and partner organization capacity as barriers to recruitment. In response ServeWA has worked to increase federal cost per MSY in alignment with agency strategies, obtain additional state money to support standard benefits such as member EAPs, and subsidizing host site fees for organizations new to AmeriCorps or in underserved or underinvested areas. Additionally, Serve Washington has a Recruitment and Engagement Manager and has increased commission led member development opportunities.",,,,unknown,0.0,,unknown,,,0.0,United States,,,,0.0,08/01/2022,09/30/2023,,Education,,ppr,22AC247636_PPRSummaryACSubGranteeReport_Nov2023.pdf,0.0,,True,22.10888433456421
22ED242938,,,Campus Civic Leaders and Engagement Corps,Western Washington University/Washington Campus Compact,"The Campus Civic Leaders and Engagement Corps will mobilize 254 AmeriCorps members to address critical community issues that were exacerbated by COVID-19 in the areas of Education, Healthy Futures, and Environmental Stewardship.",2087640.0,2087640.0,,unknown,0.0,1575,individuals,,,0.0,United States,,,,0.0,08/01/22,08/01/23,,"Education, Healthy Futures, Environmental Stewardship",,application,22ED242938_Application.pdf,0.0,,True,16.62319040298462
22ED242938,21EDIWA001,,Washington Campus Coalition for the Public Good CLEC Program,Western Washington University,"The program provides AmeriCorps members to serve in various capacities, including education, health, and economic opportunity initiatives.",,,,unknown,0.0,,unknown,,,0.0,United States,,,,0.0,07/01/2022,09/30/2023,,"Education, Health, Economic Opportunity",,ppr,22ED242938_PPRSummaryACReport_Nov2023.pdf,0.0,,True,13.289391279220581
22ES239901,,,Washington Service Corps,Washington State Department of Employment Security,"The Washington Service Corps (WSC) proposes to have 450 AmeriCorps members to provide direct services, education/outreach, and project capacity-building in 165 organizations in urban, suburban, and rural areas across Washington.",6369300.0,6369300.0,,unknown,0.0,26000,unknown,,,0.0,United States,,,,0.0,09/01/22,08/31/23,,"Economic Opportunity, Education, Environmental Stewardship, and Healthy Futures",,application,22ES239901_Application.pdf,0.0,,True,16.44251298904419
22ES239902,,,Washington Reading Corps,Washington State Department of Employment Security,"The Washington Reading Corps (WRC), a program within the Washington Service Corps statewide intermediary organization, proposes to have 125 full-time AmeriCorps members who will provide: (1) evidence-informed reading tutoring for 2,400 low-income and English Learner (EL) K-4th grade students and/or (2) literacy skills-building activities for 600 low-income and EL preschool children, in approximately 60 high-needs elementary schools and early learning centers across the state. At the end of the first program year, the AmeriCorps members will be responsible for achieving the following outcomes: (1) at least 816 K-4 students will demonstrate improved academic performance by exceeding expected average weekly improvement in fluency; (2) at least 204 preschool children will demonstrate improved school readiness by meeting age-appropriate social-emotional and language/literacy benchmarks. In addition, AmeriCorps members will leverage an additional 200 community volunteers who will be engaged in providing the same evidence-informed tutoring and literacy activities for students and children alongside and under the guidance of the AmeriCorps Members.",1778750.0,1778750.0,,unknown,0.0,3000,unknown,,,0.0,United States,,,,0.0,09/01/22,08/31/23,,Education,,application,22ES239902_Application.pdf,0.0,,True,29.982369661331177
22ES240464,,,AmeriCorps Fixed Amount Grant (State) Vet Corps Washington,Washington State Department of Veterans Affairs,The Washington State Department of Veterans Affairs proposes to have fifty (50) AmeriCorps members who will serve as culturally competent Peer Mentors statewide with varied partners focused on veteran services.,681600.0,681600.0,,unknown,0.0,450,individuals,,,0.0,United States,,,,0.0,09/01/22,08/31/23,,Veterans and Military Families,,application,22ES240464_Application (1).pdf,0.0,,True,15.436786413192749
22ES240464,,,AmeriCorps Fixed Amount Grant (State) Vet Corps Washington,Washington State Department of Veterans Affairs,The Washington State Department of Veterans Affairs proposes to have fifty (50) AmeriCorps members who will serve as culturally competent Peer Mentors statewide with varied partners focused on veteran services.,681600.0,681600.0,,unknown,0.0,450,individuals,,,0.0,United States,,,,0.0,09/01/22,08/31/23,,Veterans and Military Families,,application,22ES240464_Application.pdf,0.0,,True,15.537624835968018
22ES240529,,,EarthCorps Corps Program,EarthCorps,"The program will have 40 AmeriCorps members who will implement watershed restoration activities designed to increase stormwater retention in order to stem the tide of rain-borne pollution in and around Seattle, Washington. At the end of the first program year, the AmeriCorps members will be responsible for improving 300 acres of public lands. In addition, the AmeriCorps members will leverage an additional 5,000 community volunteers who will be engaged in activities such as planting trees, removing invasive weeds, and installing and maintaining specially engineered systems that manage stormwater by using plants and soils.",508000.0,450000.0,,unknown,0.0,300,individuals,,,0.0,United States,,,,0.0,01/01/23,12/31/23,,Environmental Stewardship,,application,22ES240529_Application.pdf,0.0,,True,23.743298768997192
22ES246005,,,AmeriCorps Fixed Amount Grant (State) College and Career Coaches Program,College Success Foundation,"The program aims to improve students' college knowledge, bolster the schools' college-going culture, and increase awareness of the state's College Bound Scholarship program. It also seeks to leverage an additional 100 volunteers to implement activities and speak at college and career workshops and events.",410400.0,410400.0,,unknown,0.0,19,unknown,,,0.0,United States,,,,0.0,08/01/22,07/31/23,,Education,,application,22ES246005_Application.pdf,0.0,,True,16.498550415039062
22ES246005,22FXIWA0010001,,College and Career Coaches Program,College Success Foundation,The College and Career Coaches Program aims to improve college knowledge among students and increase the number of engaged students with improved college knowledge.,,,,unknown,0.0,,unknown,,,0.0,United States,,,,0.0,08/01/2022,07/31/2023,,Education,,ppr,22ES246005_PPRSummaryACReport_Nov2023 (1).pdf,0.0,,True,12.862906694412231
22ES246005,22FXIWA0010001,,College and Career Coaches Program,College Success Foundation,The College and Career Coaches Program aims to improve college knowledge among students and increase the number of engaged students with improved college knowledge.,,,,unknown,0.0,,unknown,,,0.0,United States,,,,0.0,08/01/2022,07/31/2023,,Education,,ppr,22ES246005_PPRSummaryACReport_Nov2023.pdf,0.0,,True,13.061988115310669
Progress Report,"['22ESIWA001', '19ESHWA0010004', '19ESHWA0010005', '19ESHWA0010007', '19ESHWA0010008', '22ESIWA0010001', '22ESIWA0010002']",,"['AmeriCorps Fixed Amount Grant (State)', 'EarthCorps Corps Program', 'Washington Reading Corps-Fixed', 'Washington Service Corps', 'Vet Corps Washington', 'City Year Seattle', 'Washington Conservation Corps']","['WASHINGTON STATE OFFICE OF FINANCIAL MANAGEMENT', 'EarthCorps', 'WASHINGTON STATE DEPARTMENT OF EMPLOYMENT SECURITY', 'WASHINGTON STATE DEPARTMENT OF EMPLOYMENT SECURITY', 'VETERANS AFFAIRS WASHINGTON STATE DEPARTMENT', 'CITY YEAR, INC.', 'STATE OF WASHINGTON']","[None, None, None, None, None, None, None]",,,,unknown,0.0,,unknown,,,0.0,United States,,,,0.0,"['08/01/2022', '01/01/2023', '09/01/2022', '09/01/2022', '09/01/2022', '08/01/2022', '10/01/2022']","['09/30/2023', '10/31/2023', '07/31/2023', '07/31/2023', '07/31/2023', '07/31/2023', '07/31/2023']",,"[None, None, None, None, None, None, None]",,progress_report,Progress Report_WA Commission Multiple_901_902_464_529.pdf,0.0,,True,52.707701444625854
